station_code,Phase,pick_time,w_conf,network_code
NU.MNI1,P,2009-12-17T11:43:02.080+09:00,0.6025593280792236,0207
NU.MNI1,S,2009-12-17T11:43:18.900+09:00,0.6190280914306641,0207
NU.MNI1,P,2009-12-17T15:36:45.640+09:00,0.8601322770118713,0207
NU.MNI1,S,2009-12-17T15:42:59.800+09:00,0.622918426990509,0207
NU.MNI1,P,2009-12-17T15:44:29.320+09:00,0.5446561574935913,0207
NU.MNI1,P,2009-12-17T15:51:18.180+09:00,0.18454839289188385,0207
NU.MNI1,P,2009-12-17T15:59:46.700+09:00,0.6117764711380005,0207
NU.MNI1,P,2009-12-17T16:05:50.700+09:00,0.6437172889709473,0207
NU.MNI1,S,2009-12-17T15:44:29.650+09:00,0.16894486546516418,0207
NU.MNI1,P,2009-12-17T16:06:48.760+09:00,0.852691650390625,0207
NU.MNI1,P,2009-12-17T16:11:10.390+09:00,0.8640798330307007,0207
NU.MNI1,P,2009-12-17T16:23:39.060+09:00,0.14877425134181976,0207
NU.MNI1,P,2009-12-17T16:26:28.220+09:00,0.6655536890029907,0207
NU.MNI1,S,2009-12-17T16:06:59.620+09:00,0.22070279717445374,0207
NU.MNI1,P,2009-12-17T16:30:30.800+09:00,0.9409006237983704,0207
NU.MNI1,S,2009-12-17T16:30:35.590+09:00,0.23921936750411987,0207
NU.MNI1,P,2009-12-17T17:48:27.920+09:00,0.9654517769813538,0207
NU.MNI1,S,2009-12-17T17:48:29.720+09:00,0.6069753170013428,0207
NU.MNI1,P,2009-12-17T18:16:37.920+09:00,0.667022168636322,0207
NU.MNI1,S,2009-12-17T18:22:44.840+09:00,0.45538273453712463,0207
NU.MNI1,P,2009-12-17T18:30:45.640+09:00,0.9071367383003235,0207
NU.MNI1,P,2009-12-17T18:45:11.220+09:00,0.8721683621406555,0207
NU.MNI1,S,2009-12-17T18:36:29.620+09:00,0.10511024296283722,0207
NU.MNI1,P,2009-12-17T18:45:30.080+09:00,0.9576418995857239,0207
NU.MNI1,P,2009-12-17T18:45:34.180+09:00,0.2200365662574768,0207
NU.MNI1,S,2009-12-17T18:45:15.760+09:00,0.30718305706977844,0207
NU.MNI1,P,2009-12-17T18:48:53.800+09:00,0.6510960459709167,0207
NU.MNI1,S,2009-12-17T18:48:59.740+09:00,0.4643539488315582,0207
NU.MNI1,S,2009-12-17T18:56:59.610+09:00,0.29404202103614807,0207
NU.MNI1,P,2009-12-17T18:56:59.950+09:00,0.34571588039398193,0207
NU.MNI1,S,2009-12-17T18:57:03.680+09:00,0.15148334205150604,0207
NU.MNI1,S,2009-12-17T19:03:20.160+09:00,0.13222503662109375,0207
NU.MNI1,S,2009-12-17T19:03:29.620+09:00,0.16684579849243164,0207
NU.MNI1,S,2009-12-17T19:10:29.790+09:00,0.6321448683738708,0207
NU.MNI1,P,2009-12-17T19:03:15.670+09:00,0.9436429142951965,0207
NU.MNI1,S,2009-12-17T19:13:08.900+09:00,0.5629176497459412,0207
NU.MNI1,S,2009-12-17T19:13:41.690+09:00,0.8421441316604614,0207
NU.MNI1,P,2009-12-17T19:13:36.900+09:00,0.947790265083313,0207
NU.MNI1,S,2009-12-17T19:15:29.650+09:00,0.1014176458120346,0207
NU.MNI1,P,2009-12-17T19:16:09.720+09:00,0.8488751649856567,0207
NU.MNI1,S,2009-12-17T19:16:14.420+09:00,0.20661289989948273,0207
NU.MNI1,S,2009-12-17T19:16:46.980+09:00,0.6256159543991089,0207
NU.MNI1,S,2009-12-17T19:23:42.580+09:00,0.2607600688934326,0207
NU.MNI1,S,2009-12-17T19:24:56.570+09:00,0.8806933760643005,0207
NU.MNI1,P,2009-12-17T19:16:42.260+09:00,0.8797326683998108,0207
NU.MNI1,P,2009-12-17T19:29:08.720+09:00,0.7183273434638977,0207
NU.MNI1,S,2009-12-17T19:24:59.740+09:00,0.3631518483161926,0207
NU.MNI1,P,2009-12-17T19:30:19.160+09:00,0.8984184861183167,0207
NU.MNI1,P,2009-12-17T19:31:08.000+09:00,0.5414516925811768,0207
NU.MNI1,S,2009-12-17T19:30:23.890+09:00,0.617880642414093,0207
NU.MNI1,S,2009-12-17T19:46:58.070+09:00,0.5608711838722229,0207
NU.MNI1,S,2009-12-17T19:46:59.730+09:00,0.1561433970928192,0207
NU.MNI1,S,2009-12-17T19:54:08.160+09:00,0.12987761199474335,0207
NU.MNI1,S,2009-12-17T19:57:29.680+09:00,0.5360221266746521,0207
NU.MNI1,S,2009-12-17T19:57:33.020+09:00,0.8772495985031128,0207
NU.MNI1,S,2009-12-17T20:04:22.060+09:00,0.6358829736709595,0207
NU.MNI1,P,2009-12-17T19:45:07.480+09:00,0.595894455909729,0207
NU.MNI1,P,2009-12-17T20:06:29.120+09:00,0.6120748519897461,0207
NU.MNI1,S,2009-12-17T20:04:29.640+09:00,0.1466107815504074,0207
NU.MNI1,P,2009-12-17T20:06:29.950+09:00,0.42096981406211853,0207
NU.MNI1,S,2009-12-17T20:06:29.640+09:00,0.5071459412574768,0207
NU.MNI1,S,2009-12-17T20:16:29.060+09:00,0.5092786550521851,0207
NU.MNI1,S,2009-12-17T20:16:29.730+09:00,0.5364879965782166,0207
NU.MNI1,S,2009-12-17T20:18:13.210+09:00,0.5446782112121582,0207
NU.MNI1,P,2009-12-17T20:16:24.360+09:00,0.8029484748840332,0207
NU.MNI1,S,2009-12-17T20:19:20.980+09:00,0.11212114244699478,0207
NU.MNI1,P,2009-12-17T20:25:57.960+09:00,0.8327996730804443,0207
NU.MNI1,S,2009-12-17T20:25:59.780+09:00,0.6027920842170715,0207
NU.MNI1,P,2009-12-17T20:27:04.090+09:00,0.16894195973873138,0207
NU.MNI1,S,2009-12-17T20:27:43.720+09:00,0.1869087964296341,0207
NU.MNI1,P,2009-12-17T20:33:42.380+09:00,0.3922284245491028,0207
NU.MNI1,S,2009-12-17T20:37:10.550+09:00,0.7580529451370239,0207
NU.MNI1,P,2009-12-17T20:38:48.140+09:00,0.9176124334335327,0207
NU.MNI1,P,2009-12-17T20:39:58.500+09:00,0.3941405415534973,0207
NU.MNI1,S,2009-12-17T20:38:52.770+09:00,0.5643383860588074,0207
NU.MNI1,P,2009-12-17T20:45:46.780+09:00,0.8687034845352173,0207
NU.MNI1,S,2009-12-17T20:45:51.570+09:00,0.6263378858566284,0207
NU.MNI1,S,2009-12-17T20:53:52.740+09:00,0.11819063872098923,0207
NU.MNI1,P,2009-12-17T20:53:48.080+09:00,0.5678011775016785,0207
NU.MNI1,S,2009-12-17T20:54:29.620+09:00,0.18848714232444763,0207
NU.MNI1,P,2009-12-17T20:56:09.000+09:00,0.8761175870895386,0207
NU.MNI1,S,2009-12-17T20:56:13.780+09:00,0.11476588994264603,0207
NU.MNI1,S,2009-12-17T20:59:50.830+09:00,0.36933398246765137,0207
NU.MNI1,P,2009-12-17T20:59:46.180+09:00,0.8774258494377136,0207
NU.MNI1,P,2009-12-17T21:06:00.780+09:00,0.5288785099983215,0207
NU.MNI1,S,2009-12-17T20:59:59.620+09:00,0.25514647364616394,0207
NU.MNI1,P,2009-12-17T21:07:48.970+09:00,0.9308698177337646,0207
NU.MNI1,S,2009-12-17T21:07:59.640+09:00,0.19206319749355316,0207
NU.MNI1,S,2009-12-17T21:09:10.010+09:00,0.5511347651481628,0207
NU.MNI1,P,2009-12-17T21:09:05.060+09:00,0.297635555267334,0207
NU.MNI1,P,2009-12-17T21:18:37.040+09:00,0.4031068980693817,0207
NU.MNI1,S,2009-12-17T21:12:54.790+09:00,0.548075258731842,0207
NU.MNI1,P,2009-12-17T21:21:00.600+09:00,0.9457752108573914,0207
NU.MNI1,P,2009-12-17T21:28:00.180+09:00,0.8838256001472473,0207
NU.MNI1,S,2009-12-17T21:21:05.330+09:00,0.7585461139678955,0207
NU.MNI1,S,2009-12-17T21:32:50.070+09:00,0.11390693485736847,0207
NU.MNI1,S,2009-12-17T21:36:14.020+09:00,0.5654532313346863,0207
NU.MNI1,S,2009-12-17T21:39:59.700+09:00,0.4419015347957611,0207
NU.MNI1,S,2009-12-17T21:47:52.850+09:00,0.7257633805274963,0207
NU.MNI1,S,2009-12-17T21:51:35.710+09:00,0.1835559904575348,0207
NU.MNI1,P,2009-12-17T21:32:45.300+09:00,0.5694683790206909,0207
NU.MNI1,S,2009-12-17T21:51:40.590+09:00,0.13561585545539856,0207
NU.MNI1,P,2009-12-17T21:57:54.080+09:00,0.21968622505664825,0207
NU.MNI1,S,2009-12-17T21:57:59.700+09:00,0.48495444655418396,0207
NU.MNI1,P,2009-12-17T21:59:08.610+09:00,0.9039560556411743,0207
NU.MNI1,P,2009-12-17T22:01:47.740+09:00,0.24004316329956055,0207
NU.MNI1,P,2009-12-17T22:02:55.170+09:00,0.15998665988445282,0207
NU.MNI1,S,2009-12-17T21:59:13.190+09:00,0.5096787214279175,0207
NU.MNI1,P,2009-12-17T22:05:55.310+09:00,0.8699114918708801,0207
NU.MNI1,S,2009-12-17T22:05:59.800+09:00,0.5628686547279358,0207
NU.MNI1,P,2009-12-17T22:08:47.660+09:00,0.48910894989967346,0207
NU.MNI1,P,2009-12-17T22:09:28.220+09:00,0.5414869785308838,0207
NU.MNI1,P,2009-12-17T22:12:40.740+09:00,0.9470537304878235,0207
NU.MNI1,S,2009-12-17T22:08:59.620+09:00,0.16710124909877777,0207
NU.MNI1,S,2009-12-17T22:12:51.110+09:00,0.29082363843917847,0207
NU.MNI1,S,2009-12-17T22:12:56.480+09:00,0.22736722230911255,0207
NU.MNI1,S,2009-12-17T22:12:59.720+09:00,0.38087716698646545,0207
NU.MNI1,P,2009-12-17T22:12:51.200+09:00,0.68163001537323,0207
NU.MNI1,S,2009-12-17T22:15:41.110+09:00,0.7851765751838684,0207
NU.MNI1,S,2009-12-17T22:21:26.610+09:00,0.6489829421043396,0207
NU.MNI1,P,2009-12-17T22:21:22.010+09:00,0.9315169453620911,0207
NU.MNI1,S,2009-12-17T22:21:29.780+09:00,0.4079863131046295,0207
NU.MNI1,S,2009-12-17T22:27:59.640+09:00,0.20409999787807465,0207
NU.MNI1,S,2009-12-17T22:29:29.050+09:00,0.3370935022830963,0207
NU.MNI1,P,2009-12-17T22:27:48.760+09:00,0.6972665786743164,0207
NU.MNI1,S,2009-12-17T22:29:29.720+09:00,0.5461713671684265,0207
NU.MNI1,P,2009-12-17T22:30:00.540+09:00,0.9107000231742859,0207
NU.MNI1,P,2009-12-17T22:38:41.640+09:00,0.9106102585792542,0207
NU.MNI1,S,2009-12-17T22:30:04.820+09:00,0.5353339910507202,0207
NU.MNI1,P,2009-12-17T22:40:50.980+09:00,0.4098159670829773,0207
NU.MNI1,S,2009-12-17T22:40:59.700+09:00,0.3234441578388214,0207
NU.MNI1,S,2009-12-17T22:41:27.200+09:00,0.13796791434288025,0207
NU.MNI1,S,2009-12-17T22:41:29.740+09:00,0.35987189412117004,0207
NU.MNI1,S,2009-12-17T22:41:59.640+09:00,0.1377367526292801,0207
NU.MNI1,S,2009-12-17T22:43:59.780+09:00,0.4773540794849396,0207
NU.MNI1,P,2009-12-17T22:41:20.640+09:00,0.21889998018741608,0207
NU.MNI1,S,2009-12-17T22:44:59.800+09:00,0.6658966541290283,0207
NU.MNI1,S,2009-12-17T22:45:00.320+09:00,0.31732770800590515,0207
NU.MNI1,P,2009-12-17T22:45:16.970+09:00,0.92671138048172,0207
NU.MNI1,S,2009-12-17T22:45:22.110+09:00,0.23214444518089294,0207
NU.MNI1,P,2009-12-17T22:45:43.100+09:00,0.9346997737884521,0207
NU.MNI1,S,2009-12-17T22:45:59.740+09:00,0.2770436406135559,0207
NU.MNI1,S,2009-12-17T22:51:34.900+09:00,0.13713079690933228,0207
NU.MNI1,S,2009-12-17T22:53:58.430+09:00,0.6321454644203186,0207
NU.MNI1,S,2009-12-17T22:53:59.720+09:00,0.47396478056907654,0207
NU.MNI1,S,2009-12-17T22:54:27.310+09:00,0.4096672832965851,0207
NU.MNI1,S,2009-12-17T22:54:27.830+09:00,0.622796893119812,0207
NU.MNI1,P,2009-12-17T22:51:30.160+09:00,0.8917633295059204,0207
NU.MNI1,S,2009-12-17T22:54:29.730+09:00,0.12429773062467575,0207
NU.MNI1,P,2009-12-17T22:57:44.730+09:00,0.14579902589321136,0207
NU.MNI1,P,2009-12-17T23:04:34.060+09:00,0.12716446816921234,0207
NU.MNI1,S,2009-12-17T23:01:59.620+09:00,0.2956051230430603,0207
NU.MNI1,P,2009-12-17T23:04:51.700+09:00,0.3602357506752014,0207
NU.MNI1,S,2009-12-17T23:04:59.660+09:00,0.20726343989372253,0207
NU.MNI1,S,2009-12-17T23:06:59.610+09:00,0.11567496508359909,0207
NU.MNI1,P,2009-12-17T23:06:59.950+09:00,0.15219056606292725,0207
NU.MNI1,P,2009-12-17T23:08:38.030+09:00,0.104511559009552,0207
NU.MNI1,S,2009-12-17T23:07:03.550+09:00,0.51015704870224,0207
NU.MNI1,S,2009-12-17T23:10:59.660+09:00,0.38590532541275024,0207
NU.MNI1,P,2009-12-17T23:10:52.660+09:00,0.24944114685058594,0207
NU.MNI1,S,2009-12-17T23:12:59.810+09:00,0.6712111830711365,0207
NU.MNI1,S,2009-12-17T23:14:10.600+09:00,0.33992549777030945,0207
NU.MNI1,P,2009-12-17T23:14:06.120+09:00,0.9327569603919983,0207
NU.MNI1,S,2009-12-17T23:15:21.940+09:00,0.47523948550224304,0207
NU.MNI1,P,2009-12-17T23:17:33.190+09:00,0.8376873135566711,0207
NU.MNI1,S,2009-12-17T23:17:38.030+09:00,0.38339558243751526,0207
NU.MNI1,S,2009-12-17T23:19:15.720+09:00,0.1971914917230606,0207
NU.MNI1,S,2009-12-17T23:19:59.740+09:00,0.5494199991226196,0207
NU.MNI1,S,2009-12-17T23:20:00.310+09:00,0.1365954726934433,0207
NU.MNI1,S,2009-12-17T23:21:15.420+09:00,0.5751789212226868,0207
NU.MNI1,S,2009-12-17T23:22:27.760+09:00,0.2722797989845276,0207
NU.MNI1,S,2009-12-17T23:22:29.740+09:00,0.461803138256073,0207
NU.MNI1,S,2009-12-17T23:23:29.640+09:00,0.20283305644989014,0207
NU.MNI1,S,2009-12-17T23:24:24.750+09:00,0.20572920143604279,0207
NU.MNI1,S,2009-12-17T23:24:29.650+09:00,0.920155942440033,0207
NU.MNI1,S,2009-12-17T23:25:52.150+09:00,0.6017055511474609,0207
NU.MNI1,S,2009-12-17T23:29:29.660+09:00,0.5031188130378723,0207
NU.MNI1,P,2009-12-17T23:18:28.980+09:00,0.1828199326992035,0207
NU.MNI1,P,2009-12-17T23:31:29.120+09:00,0.49380767345428467,0207
NU.MNI1,P,2009-12-17T23:31:29.950+09:00,0.14840276539325714,0207
NU.MNI1,P,2009-12-17T23:32:49.640+09:00,0.11906798183917999,0207
NU.MNI1,S,2009-12-17T23:29:33.630+09:00,0.8626482486724854,0207
NU.MNI1,P,2009-12-17T23:33:00.060+09:00,0.9412618279457092,0207
NU.MNI1,S,2009-12-17T23:32:59.620+09:00,0.2149507999420166,0207
NU.MNI1,P,2009-12-17T23:33:03.930+09:00,0.12837229669094086,0207
NU.MNI1,S,2009-12-17T23:33:05.140+09:00,0.7112084627151489,0207
NU.MNI1,S,2009-12-17T23:35:29.810+09:00,0.6986315846443176,0207
NU.MNI1,P,2009-12-17T23:35:25.830+09:00,0.9551635980606079,0207
NU.MNI1,S,2009-12-17T23:35:30.990+09:00,0.8779054880142212,0207
NU.MNI1,P,2009-12-17T23:37:03.160+09:00,0.6542403697967529,0207
NU.MNI1,S,2009-12-17T23:37:08.080+09:00,0.252646803855896,0207
NU.MNI1,P,2009-12-17T23:37:57.920+09:00,0.8173569440841675,0207
NU.MNI1,S,2009-12-17T23:37:59.730+09:00,0.572428286075592,0207
NU.MNI1,P,2009-12-17T23:39:40.400+09:00,0.4093574285507202,0207
NU.MNI1,S,2009-12-17T23:40:29.640+09:00,0.2544727325439453,0207
NU.MNI1,S,2009-12-17T23:40:53.940+09:00,0.10270275920629501,0207
NU.MNI1,S,2009-12-17T23:40:59.660+09:00,0.3861773610115051,0207
NU.MNI1,S,2009-12-17T23:42:59.090+09:00,0.32586678862571716,0207
NU.MNI1,P,2009-12-17T23:40:48.890+09:00,0.9083688259124756,0207
NU.MNI1,S,2009-12-17T23:42:59.810+09:00,0.5312291383743286,0207
NU.MNI1,P,2009-12-17T23:44:57.920+09:00,0.8004530072212219,0207
NU.MNI1,P,2009-12-17T23:45:31.900+09:00,0.730928897857666,0207
NU.MNI1,S,2009-12-17T23:44:59.720+09:00,0.5714637041091919,0207
NU.MNI1,P,2009-12-17T23:48:56.280+09:00,0.8021584153175354,0207
NU.MNI1,S,2009-12-17T23:49:01.170+09:00,0.629501461982727,0207
NU.MNI1,P,2009-12-17T23:51:28.720+09:00,0.45596134662628174,0207
NU.MNI1,S,2009-12-17T23:51:29.640+09:00,0.14255376160144806,0207
NU.MNI1,P,2009-12-17T23:51:56.500+09:00,0.4732041358947754,0207
NU.MNI1,S,2009-12-17T23:51:59.800+09:00,0.5716783404350281,0207
NU.MNI1,S,2009-12-17T23:52:20.870+09:00,0.27572062611579895,0207
NU.MNI1,S,2009-12-17T23:52:29.720+09:00,0.30570119619369507,0207
NU.MNI1,S,2009-12-17T23:56:29.810+09:00,0.6200894117355347,0207
NU.MNI1,S,2009-12-17T23:58:21.430+09:00,0.45955780148506165,0207
NU.MNI1,S,2009-12-17T23:58:29.620+09:00,0.3390031158924103,0207
NU.MNI1,S,2009-12-18T00:00:50.650+09:00,0.6985360980033875,0207
NU.MNI1,P,2009-12-17T23:52:16.320+09:00,0.7760968208312988,0207
NU.MNI1,S,2009-12-18T00:01:59.800+09:00,0.548596203327179,0207
NU.MNI1,S,2009-12-18T00:03:29.810+09:00,0.6713349223136902,0207
NU.MNI1,S,2009-12-18T00:07:53.030+09:00,0.34915268421173096,0207
NU.MNI1,S,2009-12-18T00:07:53.620+09:00,0.47457292675971985,0207
NU.MNI1,S,2009-12-18T00:10:29.330+09:00,0.7710250020027161,0207
NU.MNI1,P,2009-12-18T00:03:27.060+09:00,0.6357380151748657,0207
NU.MNI1,P,2009-12-18T00:13:10.220+09:00,0.9245221018791199,0207
NU.MNI1,S,2009-12-18T00:10:29.950+09:00,0.1458667814731598,0207
NU.MNI1,P,2009-12-18T00:15:30.550+09:00,0.8855235576629639,0207
NU.MNI1,S,2009-12-18T00:15:35.480+09:00,0.27568113803863525,0207
NU.MNI1,P,2009-12-18T00:16:37.800+09:00,0.744634211063385,0207
NU.MNI1,S,2009-12-18T00:16:42.480+09:00,0.45674240589141846,0207
NU.MNI1,P,2009-12-18T00:21:08.480+09:00,0.7580738663673401,0207
NU.MNI1,S,2009-12-18T00:21:29.810+09:00,0.6236138939857483,0207
NU.MNI1,S,2009-12-18T00:24:14.390+09:00,0.11704717576503754,0207
NU.MNI1,S,2009-12-18T00:28:54.880+09:00,0.17835617065429688,0207
NU.MNI1,S,2009-12-18T00:28:59.990+09:00,0.5769916772842407,0207
NU.MNI1,P,2009-12-18T00:24:09.500+09:00,0.8177047967910767,0207
NU.MNI1,S,2009-12-18T00:29:00.520+09:00,0.13134117424488068,0207
NU.MNI1,S,2009-12-18T00:30:29.650+09:00,0.21892763674259186,0207
NU.MNI1,S,2009-12-18T00:30:59.640+09:00,0.13222232460975647,0207
NU.MNI1,S,2009-12-18T00:31:29.780+09:00,0.5093492269515991,0207
NU.MNI1,P,2009-12-18T00:30:10.440+09:00,0.7052884101867676,0207
NU.MNI1,P,2009-12-18T00:50:31.190+09:00,0.7380281686782837,0207
NU.MNI1,S,2009-12-18T00:40:49.760+09:00,0.4955405294895172,0207
NU.MNI1,P,2009-12-18T00:54:50.180+09:00,0.8317162990570068,0207
NU.MNI1,S,2009-12-18T00:54:59.640+09:00,0.26665619015693665,0207
NU.MNI1,P,2009-12-18T01:05:27.960+09:00,0.1347726583480835,0207
NU.MNI1,S,2009-12-18T01:05:29.730+09:00,0.26249372959136963,0207
NU.MNI1,P,2009-12-18T01:06:07.220+09:00,0.6455321311950684,0207
NU.MNI1,S,2009-12-18T01:06:29.660+09:00,0.33130747079849243,0207
NU.MNI1,P,2009-12-18T01:16:21.500+09:00,0.6664445400238037,0207
NU.MNI1,S,2009-12-18T01:16:29.660+09:00,0.23586589097976685,0207
NU.MNI1,S,2009-12-18T01:32:29.810+09:00,0.6894147396087646,0207
NU.MNI1,P,2009-12-18T01:18:21.780+09:00,0.48482751846313477,0207
NU.MNI1,S,2009-12-18T01:32:31.460+09:00,0.6060258746147156,0207
NU.MNI1,P,2009-12-18T01:35:04.560+09:00,0.8793751001358032,0207
NU.MNI1,P,2009-12-18T01:42:07.140+09:00,0.8940441608428955,0207
NU.MNI1,S,2009-12-18T01:35:09.350+09:00,0.306905597448349,0207
NU.MNI1,S,2009-12-18T01:43:59.060+09:00,0.17273852229118347,0207
NU.MNI1,P,2009-12-18T01:43:37.980+09:00,0.8336799144744873,0207
NU.MNI1,S,2009-12-18T01:43:59.730+09:00,0.5070562958717346,0207
NU.MNI1,S,2009-12-18T01:50:29.660+09:00,0.35441693663597107,0207
NU.MNI1,S,2009-12-18T02:00:22.160+09:00,0.24673357605934143,0207
NU.MNI1,S,2009-12-18T02:00:22.680+09:00,0.17822055518627167,0207
NU.MNI1,P,2009-12-18T01:50:21.300+09:00,0.8862823843955994,0207
NU.MNI1,S,2009-12-18T02:00:29.620+09:00,0.15019527077674866,0207
NU.MNI1,P,2009-12-18T02:03:00.120+09:00,0.8803200125694275,0207
NU.MNI1,P,2009-12-18T02:04:01.040+09:00,0.9304152131080627,0207
NU.MNI1,S,2009-12-18T02:03:05.460+09:00,0.1999819427728653,0207
NU.MNI1,S,2009-12-18T02:05:18.600+09:00,0.11532538384199142,0207
NU.MNI1,P,2009-12-18T02:05:18.640+09:00,0.575898289680481,0207
NU.MNI1,S,2009-12-18T02:05:29.620+09:00,0.1907981038093567,0207
NU.MNI1,P,2009-12-18T02:06:22.200+09:00,0.13146933913230896,0207
NU.MNI1,S,2009-12-18T02:06:29.650+09:00,0.12606337666511536,0207
NU.MNI1,P,2009-12-18T02:08:02.360+09:00,0.19591988623142242,0207
NU.MNI1,S,2009-12-18T02:08:40.370+09:00,0.3909148871898651,0207
NU.MNI1,P,2009-12-18T02:09:19.660+09:00,0.7920275926589966,0207
NU.MNI1,S,2009-12-18T02:09:19.680+09:00,0.16506338119506836,0207
NU.MNI1,S,2009-12-18T02:15:03.680+09:00,0.16199204325675964,0207
NU.MNI1,P,2009-12-18T02:14:39.040+09:00,0.8628025054931641,0207
NU.MNI1,S,2009-12-18T02:16:40.530+09:00,0.29953619837760925,0207
NU.MNI1,P,2009-12-18T02:17:02.760+09:00,0.574353039264679,0207
NU.MNI1,S,2009-12-18T02:17:07.360+09:00,0.3425326943397522,0207
NU.MNI1,S,2009-12-18T02:19:29.720+09:00,0.5082406997680664,0207
NU.MNI1,P,2009-12-18T02:19:23.880+09:00,0.8899446725845337,0207
NU.MNI1,S,2009-12-18T02:21:59.730+09:00,0.4639284610748291,0207
NU.MNI1,P,2009-12-18T02:25:42.000+09:00,0.8440929651260376,0207
NU.MNI1,P,2009-12-18T02:30:00.040+09:00,0.1437608003616333,0207
NU.MNI1,S,2009-12-18T02:25:42.060+09:00,0.13271401822566986,0207
NU.MNI1,P,2009-12-18T02:30:00.780+09:00,0.8859044313430786,0207
NU.MNI1,P,2009-12-18T02:35:04.120+09:00,0.35188016295433044,0207
NU.MNI1,S,2009-12-18T02:30:06.050+09:00,0.6812835931777954,0207
NU.MNI1,S,2009-12-18T02:36:50.880+09:00,0.41012951731681824,0207
NU.MNI1,P,2009-12-18T02:36:08.970+09:00,0.6583773493766785,0207
NU.MNI1,P,2009-12-18T02:43:27.450+09:00,0.15164564549922943,0207
NU.MNI1,P,2009-12-18T02:48:06.700+09:00,0.6548869013786316,0207
NU.MNI1,S,2009-12-18T02:36:59.620+09:00,0.24052341282367706,0207
NU.MNI1,S,2009-12-18T02:57:06.230+09:00,0.1885402798652649,0207
NU.MNI1,P,2009-12-18T02:57:06.040+09:00,0.9236493110656738,0207
NU.MNI1,S,2009-12-18T03:02:45.750+09:00,0.8735581636428833,0207
NU.MNI1,P,2009-12-18T03:04:03.550+09:00,0.9482340216636658,0207
NU.MNI1,S,2009-12-18T03:04:08.060+09:00,0.6605782508850098,0207
NU.MNI1,P,2009-12-18T03:05:31.760+09:00,0.32830262184143066,0207
NU.MNI1,P,2009-12-18T03:09:31.700+09:00,0.96839839220047,0207
NU.MNI1,S,2009-12-18T03:08:14.920+09:00,0.23954130709171295,0207
NU.MNI1,P,2009-12-18T03:15:18.880+09:00,0.35899975895881653,0207
NU.MNI1,S,2009-12-18T03:15:29.640+09:00,0.1506577581167221,0207
NU.MNI1,P,2009-12-18T03:17:40.060+09:00,0.237009659409523,0207
NU.MNI1,S,2009-12-18T03:32:59.850+09:00,0.6849493384361267,0207
NU.MNI1,P,2009-12-18T03:34:52.090+09:00,0.8496189117431641,0207
NU.MNI1,S,2009-12-18T03:34:59.740+09:00,0.346349835395813,0207
NU.MNI1,P,2009-12-18T03:35:10.710+09:00,0.8173718452453613,0207
NU.MNI1,P,2009-12-18T03:42:28.920+09:00,0.8755505681037903,0207
NU.MNI1,S,2009-12-18T03:35:10.730+09:00,0.15928764641284943,0207
NU.MNI1,P,2009-12-18T03:42:29.970+09:00,0.3159753680229187,0207
NU.MNI1,S,2009-12-18T03:42:29.630+09:00,0.4712934195995331,0207
NU.MNI1,P,2009-12-18T03:43:26.340+09:00,0.35308825969696045,0207
NU.MNI1,P,2009-12-18T03:51:58.680+09:00,0.9393575191497803,0207
NU.MNI1,S,2009-12-18T03:43:29.810+09:00,0.4692579507827759,0207
NU.MNI1,S,2009-12-18T03:51:59.630+09:00,0.17432653903961182,0207
NU.MNI1,P,2009-12-18T03:51:59.950+09:00,0.10506438463926315,0207
NU.MNI1,P,2009-12-18T03:59:15.930+09:00,0.25850361585617065,0207
NU.MNI1,P,2009-12-18T04:04:12.160+09:00,0.5838233232498169,0207
NU.MNI1,P,2009-12-18T04:07:31.780+09:00,0.18097779154777527,0207
NU.MNI1,S,2009-12-18T03:52:03.720+09:00,0.4207114577293396,0207
NU.MNI1,S,2009-12-18T04:10:41.520+09:00,0.17084959149360657,0207
NU.MNI1,P,2009-12-18T04:09:59.840+09:00,0.1077338233590126,0207
NU.MNI1,P,2009-12-18T04:19:15.400+09:00,0.2710295617580414,0207
NU.MNI1,S,2009-12-18T04:10:42.040+09:00,0.508648157119751,0207
NU.MNI1,S,2009-12-18T04:20:36.160+09:00,0.3671850264072418,0207
NU.MNI1,P,2009-12-18T04:20:30.940+09:00,0.9387645721435547,0207
NU.MNI1,P,2009-12-18T04:25:48.120+09:00,0.4521281123161316,0207
NU.MNI1,S,2009-12-18T04:23:59.780+09:00,0.4340015649795532,0207
NU.MNI1,P,2009-12-18T04:28:18.400+09:00,0.4085083305835724,0207
NU.MNI1,P,2009-12-18T04:31:01.170+09:00,0.8199288845062256,0207
NU.MNI1,S,2009-12-18T04:29:59.660+09:00,0.3380841016769409,0207
NU.MNI1,P,2009-12-18T04:31:54.740+09:00,0.325150728225708,0207
NU.MNI1,S,2009-12-18T04:31:59.660+09:00,0.46605759859085083,0207
NU.MNI1,P,2009-12-18T04:40:23.730+09:00,0.8975597620010376,0207
NU.MNI1,S,2009-12-18T04:40:29.720+09:00,0.4697144627571106,0207
NU.MNI1,P,2009-12-18T04:55:38.540+09:00,0.8358452320098877,0207
NU.MNI1,S,2009-12-18T04:57:38.030+09:00,0.3757256269454956,0207
NU.MNI1,P,2009-12-18T05:02:19.310+09:00,0.9075825214385986,0207
NU.MNI1,S,2009-12-18T05:02:24.040+09:00,0.3875337243080139,0207
NU.MNI1,S,2009-12-18T05:03:26.530+09:00,0.5419691801071167,0207
NU.MNI1,S,2009-12-18T05:03:29.740+09:00,0.14388054609298706,0207
NU.MNI1,S,2009-12-18T05:05:45.750+09:00,0.1059640422463417,0207
NU.MNI1,P,2009-12-18T05:03:21.620+09:00,0.8523437976837158,0207
NU.MNI1,P,2009-12-18T05:06:20.760+09:00,0.16747766733169556,0207
NU.MNI1,P,2009-12-18T05:06:37.100+09:00,0.60158771276474,0207
NU.MNI1,S,2009-12-18T05:05:46.280+09:00,0.24453292787075043,0207
NU.MNI1,S,2009-12-18T05:08:29.810+09:00,0.6521204710006714,0207
NU.MNI1,S,2009-12-18T05:08:46.850+09:00,0.8172935843467712,0207
NU.MNI1,P,2009-12-18T05:08:26.200+09:00,0.6561272740364075,0207
NU.MNI1,S,2009-12-18T05:10:16.270+09:00,0.6325293183326721,0207
NU.MNI1,S,2009-12-18T05:12:43.910+09:00,0.2389594316482544,0207
NU.MNI1,P,2009-12-18T05:11:36.720+09:00,0.32837164402008057,0207
NU.MNI1,P,2009-12-18T05:15:29.820+09:00,0.9332249760627747,0207
NU.MNI1,S,2009-12-18T05:12:59.620+09:00,0.2690337598323822,0207
NU.MNI1,S,2009-12-18T05:15:39.670+09:00,0.265853613615036,0207
NU.MNI1,P,2009-12-18T05:15:39.630+09:00,0.850784957408905,0207
NU.MNI1,S,2009-12-18T05:15:44.800+09:00,0.21137182414531708,0207
NU.MNI1,S,2009-12-18T05:17:29.640+09:00,0.18723981082439423,0207
NU.MNI1,P,2009-12-18T05:17:19.940+09:00,0.6540729999542236,0207
NU.MNI1,S,2009-12-18T05:25:40.170+09:00,0.6010605692863464,0207
NU.MNI1,P,2009-12-18T05:32:38.400+09:00,0.7516641020774841,0207
NU.MNI1,S,2009-12-18T05:32:43.120+09:00,0.15591387450695038,0207
NU.MNI1,P,2009-12-18T05:33:35.290+09:00,0.8658822178840637,0207
NU.MNI1,S,2009-12-18T05:39:29.620+09:00,0.3063938021659851,0207
NU.MNI1,S,2009-12-18T05:41:59.610+09:00,0.42698556184768677,0207
NU.MNI1,S,2009-12-18T05:42:20.860+09:00,0.17177991569042206,0207
NU.MNI1,P,2009-12-18T05:41:59.950+09:00,0.26353612542152405,0207
NU.MNI1,S,2009-12-18T05:42:22.510+09:00,0.2887350618839264,0207
NU.MNI1,S,2009-12-18T06:05:51.640+09:00,0.10290795564651489,0207
NU.MNI1,S,2009-12-18T06:05:59.620+09:00,0.25724515318870544,0207
NU.MNI1,P,2009-12-18T05:59:51.840+09:00,0.4405382573604584,0207
NU.MNI1,P,2009-12-18T06:22:02.920+09:00,0.1866457164287567,0207
NU.MNI1,S,2009-12-18T06:15:51.350+09:00,0.1837223768234253,0207
NU.MNI1,S,2009-12-18T06:25:16.510+09:00,0.21679933369159698,0207
NU.MNI1,S,2009-12-18T06:29:28.060+09:00,0.16486243903636932,0207
NU.MNI1,S,2009-12-18T06:29:29.720+09:00,0.6103416085243225,0207
NU.MNI1,P,2009-12-18T06:25:11.470+09:00,0.9403333067893982,0207
NU.MNI1,P,2009-12-18T06:33:32.100+09:00,0.37088167667388916,0207
NU.MNI1,S,2009-12-18T06:29:32.920+09:00,0.22454755008220673,0207
NU.MNI1,S,2009-12-18T06:36:29.620+09:00,0.21100443601608276,0207
NU.MNI1,S,2009-12-18T06:37:11.920+09:00,0.7366560101509094,0207
NU.MNI1,S,2009-12-18T06:47:16.260+09:00,0.44479623436927795,0207
NU.MNI1,S,2009-12-18T06:49:16.350+09:00,0.2302880734205246,0207
NU.MNI1,S,2009-12-18T06:49:16.900+09:00,0.1601957529783249,0207
NU.MNI1,P,2009-12-18T06:36:17.440+09:00,0.14366023242473602,0207
NU.MNI1,S,2009-12-18T06:54:29.620+09:00,0.23776033520698547,0207
NU.MNI1,S,2009-12-18T06:55:37.790+09:00,0.22357340157032013,0207
NU.MNI1,P,2009-12-18T06:54:44.840+09:00,0.1253419667482376,0207
NU.MNI1,P,2009-12-18T06:56:35.660+09:00,0.2720193862915039,0207
NU.MNI1,P,2009-12-18T06:57:43.810+09:00,0.6009966731071472,0207
NU.MNI1,S,2009-12-18T06:55:38.430+09:00,0.4427131712436676,0207
NU.MNI1,S,2009-12-18T07:00:59.650+09:00,0.5105474591255188,0207
NU.MNI1,P,2009-12-18T07:00:59.950+09:00,0.504481315612793,0207
NU.MNI1,S,2009-12-18T07:01:03.990+09:00,0.7750940918922424,0207
NU.MNI1,S,2009-12-18T07:11:29.740+09:00,0.5147369503974915,0207
NU.MNI1,P,2009-12-18T07:09:45.080+09:00,0.8204756379127502,0207
NU.MNI1,S,2009-12-18T07:15:44.560+09:00,0.24525420367717743,0207
NU.MNI1,S,2009-12-18T07:38:59.610+09:00,0.2309270054101944,0207
NU.MNI1,S,2009-12-18T07:39:03.090+09:00,0.10100645571947098,0207
NU.MNI1,P,2009-12-18T07:38:59.950+09:00,0.15620701014995575,0207
NU.MNI1,S,2009-12-18T07:39:03.670+09:00,0.6995866298675537,0207
NU.MNI1,P,2009-12-18T07:40:07.220+09:00,0.5899255275726318,0207
NU.MNI1,S,2009-12-18T07:40:59.640+09:00,0.10282575339078903,0207
NU.MNI1,P,2009-12-18T07:46:01.280+09:00,0.8999348878860474,0207
NU.MNI1,P,2009-12-18T07:47:59.080+09:00,0.8881517052650452,0207
NU.MNI1,S,2009-12-18T07:46:06.270+09:00,0.8282224535942078,0207
NU.MNI1,P,2009-12-18T07:47:59.950+09:00,0.3273504972457886,0207
NU.MNI1,S,2009-12-18T07:47:59.640+09:00,0.5332359075546265,0207
NU.MNI1,S,2009-12-18T08:06:29.660+09:00,0.16769106686115265,0207
NU.MNI1,P,2009-12-18T08:06:04.110+09:00,0.9162610173225403,0207
NU.MNI1,S,2009-12-18T08:13:22.150+09:00,0.7831615805625916,0207
NU.MNI1,P,2009-12-18T08:20:35.040+09:00,0.9532483220100403,0207
NU.MNI1,S,2009-12-18T08:20:39.890+09:00,0.11276562511920929,0207
NU.MNI1,P,2009-12-18T08:21:51.260+09:00,0.8949429392814636,0207
NU.MNI1,S,2009-12-18T08:21:59.720+09:00,0.4168306589126587,0207
NU.MNI1,S,2009-12-18T08:23:25.440+09:00,0.22815774381160736,0207
NU.MNI1,P,2009-12-18T08:23:25.270+09:00,0.8234813809394836,0207
NU.MNI1,P,2009-12-18T08:25:37.990+09:00,0.8592128753662109,0207
NU.MNI1,S,2009-12-18T08:23:29.810+09:00,0.6414758563041687,0207
NU.MNI1,P,2009-12-18T08:27:07.780+09:00,0.18267804384231567,0207
NU.MNI1,S,2009-12-18T08:28:59.680+09:00,0.5671463012695312,0207
NU.MNI1,P,2009-12-18T08:40:52.600+09:00,0.9171718955039978,0207
NU.MNI1,S,2009-12-18T08:40:59.740+09:00,0.48679131269454956,0207
NU.MNI1,P,2009-12-18T08:42:58.330+09:00,0.8261792659759521,0207
NU.MNI1,S,2009-12-18T08:42:59.660+09:00,0.5309191942214966,0207
NU.MNI1,P,2009-12-18T08:43:22.020+09:00,0.42147916555404663,0207
NU.MNI1,S,2009-12-18T08:43:02.910+09:00,0.15360262989997864,0207
NU.MNI1,S,2009-12-18T08:43:59.660+09:00,0.4727175831794739,0207
NU.MNI1,S,2009-12-18T08:44:43.310+09:00,0.1646793782711029,0207
NU.MNI1,P,2009-12-18T08:43:58.660+09:00,0.6226444840431213,0207
NU.MNI1,S,2009-12-18T08:44:59.640+09:00,0.25905871391296387,0207
NU.MNI1,S,2009-12-18T08:45:29.810+09:00,0.6261466145515442,0207
NU.MNI1,P,2009-12-18T08:45:27.470+09:00,0.8459599018096924,0207
NU.MNI1,S,2009-12-18T08:45:49.230+09:00,0.5890657901763916,0207
NU.MNI1,S,2009-12-18T08:53:59.660+09:00,0.35425588488578796,0207
NU.MNI1,S,2009-12-18T08:56:59.800+09:00,0.6683622002601624,0207
NU.MNI1,S,2009-12-18T08:57:01.040+09:00,0.27399852871894836,0207
NU.MNI1,S,2009-12-18T09:05:11.990+09:00,0.6737310886383057,0207
NU.MNI1,P,2009-12-18T08:53:51.740+09:00,0.8258524537086487,0207
NU.MNI1,S,2009-12-18T09:13:36.960+09:00,0.10739294439554214,0207
NU.MNI1,S,2009-12-18T09:23:41.930+09:00,0.35329577326774597,0207
NU.MNI1,P,2009-12-18T09:23:37.360+09:00,0.9387331008911133,0207
NU.MNI1,S,2009-12-18T09:28:59.650+09:00,0.40208926796913147,0207
NU.MNI1,S,2009-12-18T09:29:04.290+09:00,0.7748522162437439,0207
NU.MNI1,P,2009-12-18T09:29:03.930+09:00,0.719273030757904,0207
NU.MNI1,S,2009-12-18T09:44:48.770+09:00,0.7853263020515442,0207
NU.MNI1,P,2009-12-18T09:46:10.520+09:00,0.1038837805390358,0207
NU.MNI1,S,2009-12-18T10:16:59.810+09:00,0.6203950047492981,0207
NU.MNI1,P,2009-12-18T10:54:59.990+09:00,0.2937776744365692,0207
NU.MNI1,S,2009-12-18T10:54:59.600+09:00,0.3917565643787384,0207
NU.MNI1,P,2009-12-18T10:55:03.900+09:00,0.6229316592216492,0207
NU.MNI1,P,2009-12-18T10:59:59.200+09:00,0.7755721807479858,0207
NU.MNI1,S,2009-12-18T10:55:04.390+09:00,0.6785189509391785,0207
NU.MNI1,S,2009-12-18T10:59:59.680+09:00,0.5125112533569336,0207
NU.MNI1,S,2009-12-18T11:00:04.240+09:00,0.3098672330379486,0207
NU.MNI1,S,2009-12-18T11:18:29.700+09:00,0.5153791308403015,0207
NU.MNI1,S,2009-12-18T11:18:32.990+09:00,0.15136635303497314,0207
NU.MNI1,P,2009-12-18T10:59:59.950+09:00,0.28926998376846313,0207
NU.MNI1,S,2009-12-18T11:18:33.630+09:00,0.1778278797864914,0207
NU.MNI1,P,2009-12-18T11:24:45.560+09:00,0.795374870300293,0207
NU.MNI1,P,2009-12-18T11:59:00.500+09:00,0.8069713711738586,0207
NU.MNI1,S,2009-12-18T11:24:50.080+09:00,0.27491864562034607,0207
NU.MNI1,S,2009-12-18T11:59:52.990+09:00,0.1372690498828888,0207
NU.MNI1,S,2009-12-18T11:59:59.620+09:00,0.4253910779953003,0207
NU.MNI1,S,2009-12-18T12:05:53.290+09:00,0.6500428915023804,0207
NU.MNI1,P,2009-12-18T11:59:52.980+09:00,0.8819530010223389,0207
NU.MNI1,P,2009-12-18T12:24:07.250+09:00,0.1716301590204239,0207
NU.MNI1,S,2009-12-18T12:10:29.620+09:00,0.10890591889619827,0207
NU.MNI1,P,2009-12-18T12:41:28.080+09:00,0.6645601987838745,0207
NU.MNI1,P,2009-12-18T12:42:00.540+09:00,0.8319637179374695,0207
NU.MNI1,S,2009-12-18T12:41:29.790+09:00,0.6437017321586609,0207
NU.MNI1,P,2009-12-18T12:55:13.520+09:00,0.45741450786590576,0207
NU.MNI1,S,2009-12-18T13:27:16.400+09:00,0.7343928813934326,0207
NU.MNI1,S,2009-12-18T13:36:56.670+09:00,0.32922789454460144,0207
NU.MNI1,P,2009-12-18T13:36:51.960+09:00,0.9233658313751221,0207
NU.MNI1,S,2009-12-18T13:36:59.720+09:00,0.46260714530944824,0207
NU.MNI1,S,2009-12-18T13:37:27.920+09:00,0.3681861460208893,0207
NU.MNI1,P,2009-12-18T13:37:23.070+09:00,0.8658633828163147,0207
NU.MNI1,S,2009-12-18T13:37:29.680+09:00,0.39621174335479736,0207
NU.MNI1,S,2009-12-18T13:41:29.680+09:00,0.4142170548439026,0207
NU.MNI1,P,2009-12-18T13:41:28.440+09:00,0.7655734419822693,0207
NU.MNI1,P,2009-12-18T14:09:43.380+09:00,0.496134877204895,0207
NU.MNI1,P,2009-12-18T14:35:48.760+09:00,0.14083097875118256,0207
NU.MNI1,S,2009-12-18T13:51:13.040+09:00,0.6973813772201538,0207
NU.MNI1,S,2009-12-18T14:36:13.230+09:00,0.1632855236530304,0207
NU.MNI1,P,2009-12-18T14:36:13.130+09:00,0.895361065864563,0207
NU.MNI1,S,2009-12-18T14:36:29.640+09:00,0.2510833740234375,0207
NU.MNI1,S,2009-12-18T14:40:59.660+09:00,0.47551441192626953,0207
NU.MNI1,P,2009-12-18T14:40:54.920+09:00,0.2529299557209015,0207
NU.MNI1,S,2009-12-18T14:41:44.940+09:00,0.42880651354789734,0207
NU.MNI1,S,2009-12-18T14:45:29.740+09:00,0.4551646411418915,0207
NU.MNI1,P,2009-12-18T14:45:24.460+09:00,0.7515270709991455,0207
NU.MNI1,P,2009-12-18T14:51:06.700+09:00,0.6956250667572021,0207
NU.MNI1,P,2009-12-18T14:54:39.500+09:00,0.59291672706604,0207
NU.MNI1,S,2009-12-18T14:45:38.520+09:00,0.35059645771980286,0207
NU.MNI1,P,2009-12-18T14:55:34.640+09:00,0.1732027232646942,0207
NU.MNI1,S,2009-12-18T14:55:39.380+09:00,0.3391139805316925,0207
NU.MNI1,S,2009-12-18T14:57:29.810+09:00,0.6366838812828064,0207
NU.MNI1,P,2009-12-18T14:57:25.940+09:00,0.9412999153137207,0207
NU.MNI1,P,2009-12-18T15:00:02.900+09:00,0.2851618826389313,0207
NU.MNI1,S,2009-12-18T14:57:31.030+09:00,0.13735243678092957,0207
NU.MNI1,S,2009-12-18T15:15:59.660+09:00,0.2371576577425003,0207
NU.MNI1,S,2009-12-18T15:22:55.490+09:00,0.21067404747009277,0207
NU.MNI1,S,2009-12-18T15:22:59.810+09:00,0.6410448551177979,0207
NU.MNI1,S,2009-12-18T15:31:44.430+09:00,0.8475854992866516,0207
NU.MNI1,S,2009-12-18T15:33:59.810+09:00,0.6789520978927612,0207
NU.MNI1,P,2009-12-18T15:10:29.490+09:00,0.8870560526847839,0207
NU.MNI1,P,2009-12-18T15:50:31.360+09:00,0.4908197820186615,0207
NU.MNI1,S,2009-12-18T15:34:01.130+09:00,0.5356787443161011,0207
NU.MNI1,S,2009-12-18T16:14:19.590+09:00,0.6492958664894104,0207
NU.MNI1,S,2009-12-18T16:16:15.870+09:00,0.14129333198070526,0207
NU.MNI1,S,2009-12-18T16:28:26.430+09:00,0.6145138144493103,0207
NU.MNI1,S,2009-12-18T16:28:29.740+09:00,0.2745743989944458,0207
NU.MNI1,S,2009-12-18T16:28:39.260+09:00,0.13721583783626556,0207
NU.MNI1,S,2009-12-18T17:41:59.120+09:00,0.2655887007713318,0207
NU.MNI1,P,2009-12-18T16:03:15.540+09:00,0.7485788464546204,0207
NU.MNI1,S,2009-12-18T17:41:59.780+09:00,0.5302491784095764,0207
NU.MNI1,P,2009-12-18T17:44:45.860+09:00,0.9497784972190857,0207
NU.MNI1,S,2009-12-18T17:44:50.830+09:00,0.2331354320049286,0207
NU.MNI1,S,2009-12-18T18:10:25.940+09:00,0.4202902615070343,0207
NU.MNI1,S,2009-12-18T18:10:29.740+09:00,0.22467447817325592,0207
NU.MNI1,S,2009-12-18T18:13:29.810+09:00,0.7254477739334106,0207
NU.MNI1,S,2009-12-18T18:13:59.810+09:00,0.6848928928375244,0207
NU.MNI1,P,2009-12-18T17:52:33.600+09:00,0.8375751376152039,0207
NU.MNI1,P,2009-12-18T18:21:37.100+09:00,0.7403507232666016,0207
NU.MNI1,P,2009-12-18T18:24:42.760+09:00,0.6286755800247192,0207
NU.MNI1,S,2009-12-18T18:14:01.930+09:00,0.749774158000946,0207
NU.MNI1,S,2009-12-18T18:54:28.930+09:00,0.7754262685775757,0207
NU.MNI1,P,2009-12-18T18:33:32.950+09:00,0.9000241160392761,0207
NU.MNI1,S,2009-12-18T18:55:22.630+09:00,0.8401029706001282,0207
NU.MNI1,P,2009-12-18T18:56:29.720+09:00,0.46303147077560425,0207
NU.MNI1,P,2009-12-18T19:00:30.020+09:00,0.1320962905883789,0207
NU.MNI1,P,2009-12-18T19:00:30.940+09:00,0.956466794013977,0207
NU.MNI1,P,2009-12-18T19:25:15.100+09:00,0.1769658476114273,0207
NU.MNI1,P,2009-12-18T19:27:08.060+09:00,0.7195938229560852,0207
NU.MNI1,S,2009-12-18T18:58:52.830+09:00,0.48557695746421814,0207
NU.MNI1,P,2009-12-18T19:31:16.880+09:00,0.8939392566680908,0207
NU.MNI1,S,2009-12-18T19:31:21.560+09:00,0.44419583678245544,0207
NU.MNI1,S,2009-12-18T19:38:34.340+09:00,0.5367904305458069,0207
NU.MNI1,P,2009-12-18T19:38:29.330+09:00,0.6321848630905151,0207
NU.MNI1,P,2009-12-18T19:52:45.180+09:00,0.5230178833007812,0207
NU.MNI1,S,2009-12-18T19:46:13.280+09:00,0.7914940118789673,0207
NU.MNI1,P,2009-12-18T19:52:59.810+09:00,0.9144277572631836,0207
NU.MNI1,P,2009-12-18T20:05:07.200+09:00,0.7627500295639038,0207
NU.MNI1,S,2009-12-18T19:53:04.840+09:00,0.3629184365272522,0207
NU.MNI1,S,2009-12-18T20:07:41.850+09:00,0.24329547584056854,0207
NU.MNI1,S,2009-12-18T20:16:29.680+09:00,0.4578251838684082,0207
NU.MNI1,P,2009-12-18T20:07:36.860+09:00,0.6085994839668274,0207
NU.MNI1,P,2009-12-18T20:18:59.680+09:00,0.807440996170044,0207
NU.MNI1,P,2009-12-18T20:22:36.000+09:00,0.8863967657089233,0207
NU.MNI1,P,2009-12-18T20:30:42.100+09:00,0.420278936624527,0207
NU.MNI1,S,2009-12-18T20:16:33.500+09:00,0.7915377020835876,0207
NU.MNI1,P,2009-12-18T20:49:09.210+09:00,0.9290027022361755,0207
NU.MNI1,S,2009-12-18T20:49:10.000+09:00,0.23532265424728394,0207
NU.MNI1,S,2009-12-18T20:49:36.070+09:00,0.31354647874832153,0207
NU.MNI1,P,2009-12-18T20:49:35.900+09:00,0.39265644550323486,0207
NU.MNI1,S,2009-12-18T20:51:16.010+09:00,0.751313328742981,0207
NU.MNI1,P,2009-12-18T20:56:11.280+09:00,0.7131616473197937,0207
NU.MNI1,P,2009-12-18T21:54:30.020+09:00,0.24801307916641235,0207
NU.MNI1,S,2009-12-18T21:15:43.210+09:00,0.6517009139060974,0207
NU.MNI1,P,2009-12-18T21:54:30.680+09:00,0.917158305644989,0207
NU.MNI1,P,2009-12-18T22:14:25.460+09:00,0.14797551929950714,0207
NU.MNI1,S,2009-12-18T21:54:35.690+09:00,0.8993527889251709,0207
NU.MNI1,S,2009-12-18T22:16:13.830+09:00,0.2827475965023041,0207
NU.MNI1,P,2009-12-18T22:16:09.040+09:00,0.861057460308075,0207
NU.MNI1,P,2009-12-18T22:30:37.960+09:00,0.8702266216278076,0207
NU.MNI1,P,2009-12-18T22:41:27.190+09:00,0.9438320994377136,0207
NU.MNI1,S,2009-12-18T22:24:44.530+09:00,0.7610777616500854,0207
NU.MNI1,S,2009-12-18T22:41:32.210+09:00,0.8155644536018372,0207
NU.MNI1,P,2009-12-18T22:41:55.740+09:00,0.8393862843513489,0207
NU.MNI1,S,2009-12-18T22:42:00.460+09:00,0.33195760846138,0207
NU.MNI1,S,2009-12-18T22:48:26.560+09:00,0.27044281363487244,0207
NU.MNI1,S,2009-12-18T22:48:29.640+09:00,0.25164157152175903,0207
NU.MNI1,P,2009-12-18T22:48:21.680+09:00,0.8742836117744446,0207
NU.MNI1,S,2009-12-18T22:53:45.370+09:00,0.673406183719635,0207
NU.MNI1,S,2009-12-18T23:02:59.650+09:00,0.5497304201126099,0207
NU.MNI1,P,2009-12-18T23:02:58.340+09:00,0.9422534108161926,0207
NU.MNI1,P,2009-12-18T23:07:48.260+09:00,0.6702483296394348,0207
NU.MNI1,S,2009-12-18T23:03:02.980+09:00,0.7764849662780762,0207
NU.MNI1,P,2009-12-18T23:20:38.860+09:00,0.9372997879981995,0207
NU.MNI1,P,2009-12-18T23:21:23.090+09:00,0.2980538010597229,0207
NU.MNI1,S,2009-12-18T23:20:43.860+09:00,0.8469186425209045,0207
NU.MNI1,P,2009-12-18T23:24:35.970+09:00,0.1863235980272293,0207
NU.MNI1,P,2009-12-18T23:34:18.730+09:00,0.26992887258529663,0207
NU.MNI1,P,2009-12-18T23:36:35.960+09:00,0.420625239610672,0207
NU.MNI1,S,2009-12-18T23:24:50.020+09:00,0.8487409949302673,0207
NU.MNI1,P,2009-12-18T23:38:39.950+09:00,0.7130066752433777,0207
NU.MNI1,S,2009-12-18T23:42:13.200+09:00,0.1954709142446518,0207
NU.MNI1,S,2009-12-18T23:46:06.950+09:00,0.8087807297706604,0207
NU.MNI1,P,2009-12-18T23:46:01.920+09:00,0.9267528057098389,0207
NU.MNI1,S,2009-12-18T23:46:55.110+09:00,0.5766706466674805,0207
NU.MNI1,P,2009-12-18T23:53:06.120+09:00,0.9482136368751526,0207
NU.MNI1,S,2009-12-18T23:53:11.250+09:00,0.8641177415847778,0207
NU.MNI1,P,2009-12-18T23:56:35.440+09:00,0.7386085987091064,0207
NU.MNI1,P,2009-12-19T00:01:30.780+09:00,0.9474184513092041,0207
NU.MNI1,S,2009-12-18T23:59:50.250+09:00,0.8180020451545715,0207
NU.MNI1,P,2009-12-19T00:01:35.700+09:00,0.7812653183937073,0207
NU.MNI1,P,2009-12-19T00:17:30.020+09:00,0.20172056555747986,0207
NU.MNI1,S,2009-12-19T00:01:35.860+09:00,0.6971152424812317,0207
NU.MNI1,S,2009-12-19T00:17:35.770+09:00,0.9030736684799194,0207
NU.MNI1,S,2009-12-19T00:25:37.590+09:00,0.5594528317451477,0207
NU.MNI1,P,2009-12-19T00:17:30.660+09:00,0.9311785101890564,0207
NU.MNI1,S,2009-12-19T00:27:23.700+09:00,0.6944816708564758,0207
NU.MNI1,S,2009-12-19T00:42:55.180+09:00,0.4333471655845642,0207
NU.MNI1,P,2009-12-19T00:42:50.440+09:00,0.8452410101890564,0207
NU.MNI1,S,2009-12-19T00:42:59.720+09:00,0.23732125759124756,0207
NU.MNI1,P,2009-12-19T00:50:42.700+09:00,0.2669423818588257,0207
NU.MNI1,P,2009-12-19T00:52:29.120+09:00,0.7502813935279846,0207
NU.MNI1,S,2009-12-19T00:50:47.600+09:00,0.17667821049690247,0207
NU.MNI1,S,2009-12-19T00:52:29.650+09:00,0.5687475800514221,0207
NU.MNI1,S,2009-12-19T00:52:34.180+09:00,0.3286101520061493,0207
NU.MNI1,P,2009-12-19T00:52:29.950+09:00,0.4388071596622467,0207
NU.MNI1,S,2009-12-19T00:53:26.130+09:00,0.8556193709373474,0207
NU.MNI1,S,2009-12-19T00:55:18.130+09:00,0.6548622846603394,0207
NU.MNI1,P,2009-12-19T00:55:17.880+09:00,0.11924932152032852,0207
NU.MNI1,S,2009-12-19T01:05:59.780+09:00,0.4214390218257904,0207
NU.MNI1,S,2009-12-19T01:18:49.760+09:00,0.13600240647792816,0207
NU.MNI1,S,2009-12-19T01:18:54.680+09:00,0.29430392384529114,0207
NU.MNI1,P,2009-12-19T01:18:49.760+09:00,0.8765612840652466,0207
NU.MNI1,P,2009-12-19T01:28:36.000+09:00,0.8933269381523132,0207
NU.MNI1,S,2009-12-19T01:18:59.660+09:00,0.19958625733852386,0207
NU.MNI1,P,2009-12-19T01:38:44.120+09:00,0.17316129803657532,0207
NU.MNI1,P,2009-12-19T01:52:50.690+09:00,0.9565762281417847,0207
NU.MNI1,S,2009-12-19T01:42:47.030+09:00,0.43897414207458496,0207
NU.MNI1,P,2009-12-19T01:54:41.500+09:00,0.8030511140823364,0207
NU.MNI1,S,2009-12-19T01:54:46.410+09:00,0.7755246162414551,0207
NU.MNI1,P,2009-12-19T02:22:33.550+09:00,0.9469443559646606,0207
NU.MNI1,S,2009-12-19T02:22:33.520+09:00,0.191722571849823,0207
NU.MNI1,P,2009-12-19T02:33:30.260+09:00,0.9710921049118042,0207
NU.MNI1,S,2009-12-19T02:33:35.280+09:00,0.7207101583480835,0207
NU.MNI1,S,2009-12-19T02:41:34.340+09:00,0.10351747274398804,0207
NU.MNI1,P,2009-12-19T02:41:34.400+09:00,0.836940586566925,0207
NU.MNI1,S,2009-12-19T02:41:39.310+09:00,0.21320359408855438,0207
NU.MNI1,P,2009-12-19T02:49:00.640+09:00,0.7559814453125,0207
NU.MNI1,S,2009-12-19T02:49:05.490+09:00,0.6945940256118774,0207
NU.MNI1,S,2009-12-19T02:55:55.250+09:00,0.3111282289028168,0207
NU.MNI1,S,2009-12-19T02:55:59.640+09:00,0.14708934724330902,0207
NU.MNI1,P,2009-12-19T02:55:50.500+09:00,0.759693443775177,0207
NU.MNI1,S,2009-12-19T02:58:21.990+09:00,0.7464896440505981,0207
NU.MNI1,P,2009-12-19T03:19:28.740+09:00,0.7819538116455078,0207
NU.MNI1,S,2009-12-19T03:19:29.620+09:00,0.1205608993768692,0207
NU.MNI1,P,2009-12-19T03:26:21.380+09:00,0.5137083530426025,0207
NU.MNI1,S,2009-12-19T03:26:29.700+09:00,0.3240697979927063,0207
NU.MNI1,P,2009-12-19T03:46:05.740+09:00,0.6092815399169922,0207
NU.MNI1,S,2009-12-19T03:46:10.640+09:00,0.3711913526058197,0207
NU.MNI1,S,2009-12-19T04:10:58.960+09:00,0.4209265410900116,0207
NU.MNI1,P,2009-12-19T03:54:00.500+09:00,0.15025721490383148,0207
NU.MNI1,S,2009-12-19T04:10:59.720+09:00,0.4831126630306244,0207
NU.MNI1,S,2009-12-19T04:17:20.160+09:00,0.2032814770936966,0207
NU.MNI1,P,2009-12-19T04:17:15.540+09:00,0.9264443516731262,0207
NU.MNI1,S,2009-12-19T04:17:20.810+09:00,0.39817312359809875,0207
NU.MNI1,P,2009-12-19T04:22:50.480+09:00,0.3893266022205353,0207
NU.MNI1,S,2009-12-19T04:23:49.330+09:00,0.7108030915260315,0207
NU.MNI1,P,2009-12-19T04:31:52.900+09:00,0.542378842830658,0207
NU.MNI1,S,2009-12-19T04:31:59.620+09:00,0.5009238123893738,0207
NU.MNI1,P,2009-12-19T04:35:02.200+09:00,0.9625577330589294,0207
NU.MNI1,S,2009-12-19T04:35:07.020+09:00,0.5199281573295593,0207
NU.MNI1,S,2009-12-19T04:36:59.810+09:00,0.6868298053741455,0207
NU.MNI1,P,2009-12-19T04:36:56.290+09:00,0.9120920300483704,0207
NU.MNI1,S,2009-12-19T04:37:01.500+09:00,0.27254199981689453,0207
NU.MNI1,P,2009-12-19T04:48:09.540+09:00,0.8286674618721008,0207
NU.MNI1,S,2009-12-19T04:48:14.500+09:00,0.5091295838356018,0207
NU.MNI1,S,2009-12-19T04:55:27.780+09:00,0.12415530532598495,0207
NU.MNI1,P,2009-12-19T04:55:22.720+09:00,0.20592646300792694,0207
NU.MNI1,S,2009-12-19T04:55:29.780+09:00,0.5091559290885925,0207
NU.MNI1,P,2009-12-19T04:59:00.820+09:00,0.8131088018417358,0207
NU.MNI1,S,2009-12-19T04:59:05.650+09:00,0.6833261251449585,0207
NU.MNI1,P,2009-12-19T05:00:03.580+09:00,0.9294090270996094,0207
NU.MNI1,S,2009-12-19T05:00:08.550+09:00,0.6801478862762451,0207
NU.MNI1,S,2009-12-19T05:15:54.210+09:00,0.704721212387085,0207
NU.MNI1,S,2009-12-19T05:17:50.340+09:00,0.3277002274990082,0207
NU.MNI1,S,2009-12-19T05:38:10.530+09:00,0.655953049659729,0207
NU.MNI1,S,2009-12-19T05:41:26.850+09:00,0.49278783798217773,0207
NU.MNI1,S,2009-12-19T05:41:29.740+09:00,0.4333399534225464,0207
NU.MNI1,S,2009-12-19T05:49:19.550+09:00,0.20700639486312866,0207
NU.MNI1,S,2009-12-19T05:54:29.790+09:00,0.9208467602729797,0207
NU.MNI1,P,2009-12-19T05:14:41.550+09:00,0.8481013774871826,0207
NU.MNI1,S,2009-12-19T05:57:59.700+09:00,0.3329647183418274,0207
NU.MNI1,S,2009-12-19T06:01:57.960+09:00,0.19096794724464417,0207
NU.MNI1,S,2009-12-19T06:01:59.780+09:00,0.5592818260192871,0207
NU.MNI1,P,2009-12-19T06:01:57.700+09:00,0.8432087302207947,0207
NU.MNI1,S,2009-12-19T06:02:02.920+09:00,0.23108091950416565,0207
NU.MNI1,S,2009-12-19T06:23:24.100+09:00,0.7560219764709473,0207
NU.MNI1,P,2009-12-19T06:23:19.430+09:00,0.93374103307724,0207
NU.MNI1,S,2009-12-19T06:23:29.640+09:00,0.23547789454460144,0207
NU.MNI1,S,2009-12-19T06:36:55.250+09:00,0.6995378732681274,0207
NU.MNI1,P,2009-12-19T06:33:38.360+09:00,0.1379406452178955,0207
NU.MNI1,P,2009-12-19T06:42:02.980+09:00,0.26684823632240295,0207
NU.MNI1,S,2009-12-19T06:36:59.660+09:00,0.33946138620376587,0207
NU.MNI1,P,2009-12-19T06:49:19.760+09:00,0.7983382940292358,0207
NU.MNI1,S,2009-12-19T06:49:29.620+09:00,0.23928159475326538,0207
NU.MNI1,P,2009-12-19T06:50:52.020+09:00,0.39202356338500977,0207
NU.MNI1,P,2009-12-19T06:57:41.820+09:00,0.1678532063961029,0207
NU.MNI1,S,2009-12-19T06:50:59.700+09:00,0.31276577711105347,0207
NU.MNI1,P,2009-12-19T06:58:30.740+09:00,0.4551454782485962,0207
NU.MNI1,P,2009-12-19T08:27:35.040+09:00,0.8992921710014343,0207
NU.MNI1,S,2009-12-19T06:58:35.480+09:00,0.294009804725647,0207
NU.MNI1,P,2009-12-19T08:29:16.100+09:00,0.5719307065010071,0207
NU.MNI1,P,2009-12-19T08:34:06.500+09:00,0.5195741653442383,0207
NU.MNI1,S,2009-12-19T08:29:20.850+09:00,0.4558335542678833,0207
NU.MNI1,P,2009-12-19T08:52:56.080+09:00,0.9456847906112671,0207
NU.MNI1,S,2009-12-19T08:52:59.810+09:00,0.7096590399742126,0207
NU.MNI1,P,2009-12-19T09:04:38.260+09:00,0.527058482170105,0207
NU.MNI1,S,2009-12-19T09:04:43.150+09:00,0.1246209666132927,0207
NU.MNI1,P,2009-12-19T09:42:10.080+09:00,0.32095667719841003,0207
NU.MNI1,P,2009-12-19T10:36:39.840+09:00,0.32741162180900574,0207
NU.MNI1,S,2009-12-19T09:51:59.740+09:00,0.47613832354545593,0207
NU.MNI1,S,2009-12-19T10:37:29.810+09:00,0.6449121236801147,0207
NU.MNI1,S,2009-12-19T11:22:25.470+09:00,0.4271933436393738,0207
NU.MNI1,P,2009-12-19T10:37:27.580+09:00,0.6979376673698425,0207
NU.MNI1,P,2009-12-19T11:28:07.050+09:00,0.6533389091491699,0207
NU.MNI1,S,2009-12-19T11:22:29.740+09:00,0.1906171292066574,0207
NU.MNI1,S,2009-12-19T11:49:27.880+09:00,0.21625126898288727,0207
NU.MNI1,S,2009-12-19T11:49:29.780+09:00,0.49056893587112427,0207
NU.MNI1,P,2009-12-19T11:49:23.050+09:00,0.8138842582702637,0207
NU.MNI1,S,2009-12-19T11:49:38.080+09:00,0.4720195233821869,0207
NU.MNI1,P,2009-12-19T12:01:43.000+09:00,0.7502754330635071,0207
NU.MNI1,S,2009-12-19T12:06:26.960+09:00,0.36365723609924316,0207
NU.MNI1,P,2009-12-19T12:06:35.960+09:00,0.2286459356546402,0207
NU.MNI1,S,2009-12-19T12:06:40.500+09:00,0.705582857131958,0207
NU.MNI1,S,2009-12-19T12:11:52.110+09:00,0.1200617104768753,0207
NU.MNI1,P,2009-12-19T12:11:47.260+09:00,0.26328593492507935,0207
NU.MNI1,P,2009-12-19T12:21:26.780+09:00,0.3294536769390106,0207
NU.MNI1,S,2009-12-19T12:20:46.390+09:00,0.695690393447876,0207
NU.MNI1,P,2009-12-19T12:22:22.320+09:00,0.8960906863212585,0207
NU.MNI1,S,2009-12-19T12:22:29.740+09:00,0.4136776328086853,0207
NU.MNI1,P,2009-12-19T12:24:47.580+09:00,0.8532032370567322,0207
NU.MNI1,S,2009-12-19T12:24:59.620+09:00,0.23280224204063416,0207
NU.MNI1,P,2009-12-19T12:25:04.020+09:00,0.3455409109592438,0207
NU.MNI1,S,2009-12-19T12:25:07.950+09:00,0.3100985586643219,0207
NU.MNI1,S,2009-12-19T12:26:57.630+09:00,0.6900867223739624,0207
NU.MNI1,P,2009-12-19T12:26:30.940+09:00,0.35588863492012024,0207
NU.MNI1,P,2009-12-19T12:32:31.800+09:00,0.10674325376749039,0207
NU.MNI1,P,2009-12-19T12:33:47.960+09:00,0.8100452423095703,0207
NU.MNI1,P,2009-12-19T12:35:47.130+09:00,0.8646752238273621,0207
NU.MNI1,P,2009-12-19T12:48:06.810+09:00,0.11041240394115448,0207
NU.MNI1,P,2009-12-19T12:57:07.280+09:00,0.5081782341003418,0207
NU.MNI1,S,2009-12-19T12:26:59.740+09:00,0.10017295181751251,0207
NU.MNI1,P,2009-12-19T12:59:29.920+09:00,0.8987627029418945,0207
NU.MNI1,P,2009-12-19T13:08:34.460+09:00,0.473884254693985,0207
NU.MNI1,P,2009-12-19T13:23:09.260+09:00,0.28625938296318054,0207
NU.MNI1,S,2009-12-19T12:59:41.810+09:00,0.724370539188385,0207
NU.MNI1,P,2009-12-19T13:31:39.180+09:00,0.6533554196357727,0207
NU.MNI1,S,2009-12-19T13:31:43.710+09:00,0.1512172669172287,0207
NU.MNI1,P,2009-12-19T13:34:24.830+09:00,0.9512811303138733,0207
NU.MNI1,P,2009-12-19T13:48:00.040+09:00,0.11434640735387802,0207
NU.MNI1,P,2009-12-19T13:48:01.050+09:00,0.9790079593658447,0207
NU.MNI1,P,2009-12-19T13:56:43.820+09:00,0.491559237241745,0207
NU.MNI1,S,2009-12-19T13:34:29.800+09:00,0.5157701373100281,0207
NU.MNI1,P,2009-12-19T14:11:58.230+09:00,0.9225102663040161,0207
NU.MNI1,S,2009-12-19T14:11:59.730+09:00,0.16457171738147736,0207
NU.MNI1,S,2009-12-19T14:12:03.090+09:00,0.660387396812439,0207
NU.MNI1,S,2009-12-19T14:12:24.710+09:00,0.12535977363586426,0207
NU.MNI1,S,2009-12-19T14:12:29.620+09:00,0.1307898908853531,0207
NU.MNI1,S,2009-12-19T14:15:47.630+09:00,0.23507294058799744,0207
NU.MNI1,S,2009-12-19T14:42:40.660+09:00,0.7439061999320984,0207
NU.MNI1,P,2009-12-19T14:12:20.140+09:00,0.757087767124176,0207
NU.MNI1,P,2009-12-19T15:53:20.180+09:00,0.33026444911956787,0207
NU.MNI1,S,2009-12-19T15:11:41.100+09:00,0.6447328925132751,0207
NU.MNI1,P,2009-12-19T16:01:19.950+09:00,0.7521384954452515,0207
NU.MNI1,P,2009-12-19T16:37:20.520+09:00,0.2468155175447464,0207
NU.MNI1,S,2009-12-19T16:01:29.640+09:00,0.18416494131088257,0207
NU.MNI1,P,2009-12-19T16:38:46.130+09:00,0.7381290197372437,0207
NU.MNI1,S,2009-12-19T16:38:50.880+09:00,0.3137226104736328,0207
NU.MNI1,S,2009-12-19T16:44:59.720+09:00,0.47408807277679443,0207
NU.MNI1,P,2009-12-19T16:44:53.860+09:00,0.8767507076263428,0207
NU.MNI1,S,2009-12-19T16:45:51.340+09:00,0.5811623930931091,0207
NU.MNI1,P,2009-12-19T16:46:29.720+09:00,0.9523252248764038,0207
NU.MNI1,S,2009-12-19T16:50:20.050+09:00,0.6375650763511658,0207
NU.MNI1,S,2009-12-19T16:51:23.950+09:00,0.16566278040409088,0207
NU.MNI1,S,2009-12-19T16:51:29.030+09:00,0.21266579627990723,0207
NU.MNI1,P,2009-12-19T16:51:23.930+09:00,0.6826061606407166,0207
NU.MNI1,P,2009-12-19T16:54:01.520+09:00,0.8909860849380493,0207
NU.MNI1,S,2009-12-19T16:51:29.730+09:00,0.4929099678993225,0207
NU.MNI1,P,2009-12-19T16:55:10.500+09:00,0.43609023094177246,0207
NU.MNI1,S,2009-12-19T16:56:29.620+09:00,0.43258801102638245,0207
NU.MNI1,P,2009-12-19T16:56:34.000+09:00,0.366916686296463,0207
NU.MNI1,S,2009-12-19T16:56:34.110+09:00,0.9191166758537292,0207
NU.MNI1,S,2009-12-19T16:57:47.520+09:00,0.44655275344848633,0207
NU.MNI1,S,2009-12-19T17:00:29.720+09:00,0.6226487755775452,0207
NU.MNI1,S,2009-12-19T17:00:32.990+09:00,0.8632749915122986,0207
NU.MNI1,P,2009-12-19T16:57:42.520+09:00,0.8019737601280212,0207
NU.MNI1,S,2009-12-19T17:02:48.800+09:00,0.6325166821479797,0207
NU.MNI1,S,2009-12-19T17:03:42.470+09:00,0.16936349868774414,0207
NU.MNI1,S,2009-12-19T17:05:21.360+09:00,0.6412793397903442,0207
NU.MNI1,S,2009-12-19T17:07:59.810+09:00,0.6159005761146545,0207
NU.MNI1,P,2009-12-19T17:03:37.740+09:00,0.7677693367004395,0207
NU.MNI1,P,2009-12-19T17:09:42.040+09:00,0.16227124631404877,0207
NU.MNI1,S,2009-12-19T17:08:00.900+09:00,0.6954358816146851,0207
NU.MNI1,S,2009-12-19T17:10:15.120+09:00,0.6520707607269287,0207
NU.MNI1,P,2009-12-19T17:10:10.380+09:00,0.9156447649002075,0207
NU.MNI1,P,2009-12-19T17:12:43.500+09:00,0.2761393189430237,0207
NU.MNI1,S,2009-12-19T17:11:59.650+09:00,0.21841247379779816,0207
NU.MNI1,P,2009-12-19T17:14:39.620+09:00,0.8527264595031738,0207
NU.MNI1,S,2009-12-19T17:14:44.470+09:00,0.17388904094696045,0207
NU.MNI1,P,2009-12-19T17:15:32.060+09:00,0.6261118650436401,0207
NU.MNI1,S,2009-12-19T17:15:36.760+09:00,0.16588060557842255,0207
NU.MNI1,S,2009-12-19T17:25:56.160+09:00,0.37792983651161194,0207
NU.MNI1,P,2009-12-19T17:21:30.860+09:00,0.31835368275642395,0207
NU.MNI1,P,2009-12-19T17:30:58.700+09:00,0.28968602418899536,0207
NU.MNI1,S,2009-12-19T17:25:59.740+09:00,0.2357913702726364,0207
NU.MNI1,P,2009-12-19T17:31:34.290+09:00,0.6842221021652222,0207
NU.MNI1,S,2009-12-19T17:31:39.290+09:00,0.671621561050415,0207
NU.MNI1,S,2009-12-19T17:35:22.050+09:00,0.8137463927268982,0207
NU.MNI1,P,2009-12-19T17:34:32.260+09:00,0.5933400988578796,0207
NU.MNI1,S,2009-12-19T17:37:00.180+09:00,0.6657957434654236,0207
NU.MNI1,S,2009-12-19T17:51:29.790+09:00,0.620857834815979,0207
NU.MNI1,P,2009-12-19T17:51:25.460+09:00,0.7656780481338501,0207
NU.MNI1,S,2009-12-19T17:51:30.420+09:00,0.16531981527805328,0207
NU.MNI1,P,2009-12-19T18:22:46.680+09:00,0.8416401743888855,0207
NU.MNI1,S,2009-12-19T18:22:51.440+09:00,0.3465574085712433,0207
NU.MNI1,S,2009-12-19T18:24:20.160+09:00,0.2947004735469818,0207
NU.MNI1,P,2009-12-19T18:24:15.150+09:00,0.12498515844345093,0207
NU.MNI1,S,2009-12-19T18:47:48.390+09:00,0.17448262870311737,0207
NU.MNI1,S,2009-12-19T19:05:59.800+09:00,0.5899974703788757,0207
NU.MNI1,P,2009-12-19T19:05:57.040+09:00,0.8430285453796387,0207
NU.MNI1,S,2009-12-19T19:06:01.870+09:00,0.3719162344932556,0207
NU.MNI1,S,2009-12-19T19:18:59.810+09:00,0.6593254208564758,0207
NU.MNI1,S,2009-12-19T19:33:13.350+09:00,0.7416892647743225,0207
NU.MNI1,S,2009-12-19T20:34:59.720+09:00,0.6456741690635681,0207
NU.MNI1,P,2009-12-19T19:07:07.600+09:00,0.36916008591651917,0207
NU.MNI1,P,2009-12-19T21:36:46.660+09:00,0.6126384139060974,0207
NU.MNI1,P,2009-12-19T22:04:56.010+09:00,0.9179279208183289,0207
NU.MNI1,S,2009-12-19T20:35:02.790+09:00,0.6688176989555359,0207
NU.MNI1,P,2009-12-19T22:05:00.030+09:00,0.9192759394645691,0207
NU.MNI1,S,2009-12-19T22:04:59.810+09:00,0.7375257015228271,0207
NU.MNI1,P,2009-12-19T22:05:03.930+09:00,0.14473681151866913,0207
NU.MNI1,S,2009-12-19T22:05:05.430+09:00,0.8924033045768738,0207
NU.MNI1,S,2009-12-19T22:12:49.510+09:00,0.8065013885498047,0207
NU.MNI1,P,2009-12-19T22:09:46.050+09:00,0.9361564517021179,0207
NU.MNI1,P,2009-12-19T22:28:00.100+09:00,0.8583610653877258,0207
NU.MNI1,S,2009-12-19T22:12:50.020+09:00,0.2956673204898834,0207
NU.MNI1,P,2009-12-19T22:47:45.880+09:00,0.9640936851501465,0207
NU.MNI1,P,2009-12-19T22:59:14.360+09:00,0.25696292519569397,0207
NU.MNI1,S,2009-12-19T22:47:50.950+09:00,0.5305972099304199,0207
NU.MNI1,S,2009-12-20T00:17:29.650+09:00,0.4147925078868866,0207
NU.MNI1,P,2009-12-20T00:17:28.960+09:00,0.44549819827079773,0207
NU.MNI1,S,2009-12-20T00:17:33.620+09:00,0.11719093471765518,0207
NU.MNI1,P,2009-12-20T00:32:58.040+09:00,0.8133647441864014,0207
NU.MNI1,S,2009-12-20T00:32:59.720+09:00,0.5708727240562439,0207
NU.MNI1,P,2009-12-20T00:43:50.060+09:00,0.4570731222629547,0207
NU.MNI1,S,2009-12-20T00:43:59.620+09:00,0.15539230406284332,0207
NU.MNI1,S,2009-12-20T01:25:33.600+09:00,0.12296301871538162,0207
NU.MNI1,S,2009-12-20T01:51:54.550+09:00,0.5339699983596802,0207
NU.MNI1,S,2009-12-20T01:51:59.660+09:00,0.19811008870601654,0207
NU.MNI1,S,2009-12-20T04:33:49.020+09:00,0.6898435354232788,0207
NU.MNI1,P,2009-12-20T01:25:33.580+09:00,0.7859794497489929,0207
NU.MNI1,S,2009-12-20T05:21:37.490+09:00,0.35055065155029297,0207
NU.MNI1,P,2009-12-20T05:58:14.800+09:00,0.6307158470153809,0207
NU.MNI1,P,2009-12-20T09:50:16.940+09:00,0.7627207636833191,0207
NU.MNI1,P,2009-12-20T09:54:29.920+09:00,0.9611501693725586,0207
NU.MNI1,S,2009-12-20T06:13:15.050+09:00,0.6072267293930054,0207
NU.MNI1,S,2009-12-20T09:54:34.560+09:00,0.6037516593933105,0207
NU.MNI1,P,2009-12-20T09:54:34.320+09:00,0.12757481634616852,0207
NU.MNI1,P,2009-12-20T10:23:16.900+09:00,0.6657258868217468,0207
NU.MNI1,S,2009-12-20T10:06:43.620+09:00,0.6417050361633301,0207
NU.MNI1,P,2009-12-20T10:54:32.370+09:00,0.9482007622718811,0207
NU.MNI1,S,2009-12-20T10:54:32.440+09:00,0.29095345735549927,0207
NU.MNI1,S,2009-12-20T11:42:36.870+09:00,0.6881493330001831,0207
NU.MNI1,S,2009-12-20T12:44:50.320+09:00,0.211544468998909,0207
NU.MNI1,S,2009-12-20T12:44:59.620+09:00,0.4254440665245056,0207
NU.MNI1,P,2009-12-20T11:42:32.180+09:00,0.9588600397109985,0207
NU.MNI1,S,2009-12-20T14:11:14.000+09:00,0.5759977698326111,0207
NU.MNI1,P,2009-12-20T16:13:40.500+09:00,0.31064674258232117,0207
NU.MNI1,S,2009-12-20T16:45:22.540+09:00,0.6226829886436462,0207
NU.MNI1,S,2009-12-20T17:09:59.640+09:00,0.14702968299388885,0207
NU.MNI1,P,2009-12-20T17:04:39.000+09:00,0.910503089427948,0207
NU.MNI1,S,2009-12-20T18:25:09.440+09:00,0.2567911148071289,0207
NU.MNI1,P,2009-12-20T20:44:24.700+09:00,0.5907842516899109,0207
NU.MNI1,P,2009-12-20T20:53:06.000+09:00,0.5248820185661316,0207
NU.MNI1,P,2009-12-20T23:41:48.260+09:00,0.7335461378097534,0207
NU.MNI1,S,2009-12-20T20:44:29.650+09:00,0.12291309237480164,0207
